{"cameraMode":{"drawMode":0,"name":"Shaded","section":"Shading Mode"},"sceneLighting":false,"audioPlay":false,"sceneViewState":{"showFog":true,"showMaterialUpdate":false,"showSkybox":false,"showFlares":true,"showImageEffects":true,"showParticleSystems":true},"in2DMode":false,"pivot":{"x":-7.528921604156494,"y":2.3533759117126467,"z":1.0944585800170899},"rotation":{"x":-0.1377517431974411,"y":0.04335978254675865,"z":-0.005971577949821949,"w":-0.9895815849304199},"size":27.516206741333009,"orthographic":false}