{"cameraMode":{"drawMode":0,"name":"Shaded","section":"Shading Mode"},"sceneLighting":true,"audioPlay":false,"sceneViewState":{"showFog":true,"showMaterialUpdate":false,"showSkybox":true,"showFlares":true,"showImageEffects":true,"showParticleSystems":true},"in2DMode":false,"pivot":{"x":60.29999923706055,"y":63.19999694824219,"z":3177.0},"rotation":{"x":-0.005976596847176552,"y":-0.9729593992233276,"z":-0.022930731996893884,"w":0.23072709143161775},"size":4.507394790649414,"orthographic":false}