{"cameraMode":{"drawMode":0,"name":"Shaded","section":"Shading Mode"},"sceneLighting":false,"audioPlay":false,"sceneViewState":{"showFog":true,"showMaterialUpdate":false,"showSkybox":false,"showFlares":true,"showImageEffects":true,"showParticleSystems":true},"in2DMode":false,"pivot":{"x":-10.299999237060547,"y":13.000036239624024,"z":-264.4000244140625},"rotation":{"x":0.2336433082818985,"y":0.012572823092341423,"z":-0.0030155815184116365,"w":0.9723734855651856},"size":37.8382682800293,"orthographic":false}