{"cameraMode":{"drawMode":0,"name":"Shaded","section":"Shading Mode"},"sceneLighting":false,"audioPlay":false,"sceneViewState":{"showFog":true,"showMaterialUpdate":false,"showSkybox":false,"showFlares":true,"showImageEffects":true,"showParticleSystems":true},"in2DMode":false,"pivot":{"x":-1165.2161865234375,"y":336.52886962890627,"z":1.8028564453125},"rotation":{"x":0.04454813525080681,"y":-0.5384242534637451,"z":0.028327250853180887,"w":0.8411535620689392},"size":2923.13818359375,"orthographic":false}